Проект,Аккауннт ,Дата отчета проекта 
Фосс Металл,@olga_dautova,30
КНП,@olga_dautova,1
МОС ойл,@olga_dautova,1
Арсенал,@olga_dautova,18
Перемена,@a1exeyy,1
Айтии,@Rina_Rosheина,21
Бассейны спа,@olga_dautova,15
рантига,@Rina_Rosheина,16
Law Russia,@olga_dautova,1
Сконтур,@olga_dautova,1
Лейкс24,@olga_dautova,1
Хогарт ру,@olga_dautova,1
Хогарт-Арт,@olga_dautova,1
Лавка мебель,@olga_dautova,13
Тортики,@olga_dautova,1
Химстаб,@olga_dautova,1
Парфюммания,@Rina_Rosheина,5
Отражение,@Rina_Rosheина,16
Геомун,@olga_dautova,1
Аренда 1с,@olga_dautova,1
Воблаке,@olga_dautova,1
Кловер печи,@Rina_Rosheина,19
Клевер,@a1exeyy,1
Неос,@olga_dautova,1
В Проф,@olga_dautova,16
Легкомебель,@olga_dautova,22
Династия,@olga_dautova,22
соболь,@olga_dautova,5
Варкрафт,@a1exeyy,24
Грии,@olga_dautova,10
Стом челябинск,@Rina_Rosheина,2
Неуро,@Rina_Rosheина,22
С-куб,@olga_dautova,15
Хот 20,@a1exeyy,15
Саундмен,@Rina_Rosheина,11
Аурум,@Rina_Rosheина,15
Берцел,@Rina_Rosheина,25
печать на футболках,@a1exeyy,20
Кристал,@a1exeyy,24
Драйкул,@Rina_Rosheина,31
Сигары,@a1exeyy,24
Тренажеры бу,@a1exeyy,24
Эромассаж,@Rina_Rosheина,24
ремконтора,@Rina_Rosheина,23
Гпартс,@Rina_Rosheина,3
Норд,@a1exeyy,1
Теплицы калуга,@Rina_Rosheина,26
Айлет,@a1exeyy,20
Flamor,@Rina_Rosheина,8
интернет магазины Кондиционеры,@olga_dautova,17
Хемни,@olga_dautova,18
Ковры вестибюль,@Rina_Rosheина,16
Клининг,@a1exeyy,16
йога,@olga_dautova,11
Серф,@a1exeyy,15